﻿<parameters>
  <parameter name="IIS Web Application Name" defaultValue="Default Web Site/MvcSignal_deploy" tags="IisApp">
    <parameterEntry kind="ProviderPath" scope="IisApp" match="^C:\\Users\\özbek\\Desktop\\MvcSignalR\\Application\\MvcSignal\\obj\\Release\\Package\\PackageTmp$" />
    <parameterEntry kind="ProviderPath" scope="setAcl" match="^C:\\Users\\özbek\\Desktop\\MvcSignalR\\Application\\MvcSignal\\obj\\Release\\Package\\PackageTmp$" />
  </parameter>
  <parameter name="DefaultConnection-Web.config Connection String" defaultValue="Data Source=(LocalDb)\v11.0;Initial Catalog=aspnet-MvcSignal-20140122093746;Integrated Security=SSPI;AttachDBFilename=|DataDirectory|\aspnet-MvcSignal-20140122093746.mdf">
    <parameterEntry kind="XmlFile" scope="C:\\Users\\özbek\\Desktop\\MvcSignalR\\Application\\MvcSignal\\obj\\Release\\Package\\PackageTmp\\Web\.config$" match="/configuration/connectionStrings/add[@name='DefaultConnection']/@connectionString" />
  </parameter>
  <parameter name="TestEntities-Web.config Connection String" defaultValue="metadata=res://*/Model1.csdl|res://*/Model1.ssdl|res://*/Model1.msl;provider=System.Data.SqlClient;provider connection string=&quot;Data Source=.;Initial Catalog=Test;Integrated Security=True;MultipleActiveResultSets=True;Application Name=EntityFramework&quot;">
    <parameterEntry kind="XmlFile" scope="C:\\Users\\özbek\\Desktop\\MvcSignalR\\Application\\MvcSignal\\obj\\Release\\Package\\PackageTmp\\Web\.config$" match="/configuration/connectionStrings/add[@name='TestEntities']/@connectionString" />
  </parameter>
</parameters>